p1,p2,x,y,weight
ha,ha,ha_3,ha_6,0.529
ha,ha,ha_3,ha_7,0.519
ha,ha,ha_3,ha_123,0.552
ha,ha,ha_3,ha_524,0.517
ha,ha,ha_6,ha_7,0.609
ha,ha,ha_6,ha_13,0.558
ha,ha,ha_6,ha_16,0.528
ha,ha,ha_6,ha_54,0.535
ha,ha,ha_6,ha_123,0.679
ha,ha,ha_6,ha_213,0.504
ha,ha,ha_6,ha_313,0.607
ha,ha,ha_6,ha_516,0.539
ha,ha,ha_6,ha_524,0.614
ha,ha,ha_7,ha_13,0.550
ha,ha,ha_7,ha_54,0.604
ha,ha,ha_7,ha_123,0.660
ha,ha,ha_7,ha_125,0.514
ha,ha,ha_7,ha_126,0.516
ha,ha,ha_7,ha_229,0.523
ha,ha,ha_7,ha_236,0.508
ha,ha,ha_7,ha_313,0.592
ha,ha,ha_7,ha_516,0.522
ha,ha,ha_7,ha_524,0.584
ha,ha,ha_13,ha_123,0.641
ha,ha,ha_13,ha_313,0.576
ha,ha,ha_13,ha_516,0.506
ha,ha,ha_13,ha_524,0.586
ha,ha,ha_16,ha_123,0.575
ha,ha,ha_16,ha_313,0.513
ha,ha,ha_16,ha_524,0.539
ha,ha,ha_54,ha_61,0.512
ha,ha,ha_54,ha_123,0.627
ha,ha,ha_54,ha_125,0.582
ha,ha,ha_54,ha_126,0.589
ha,ha,ha_54,ha_228,0.529
ha,ha,ha_54,ha_236,0.580
ha,ha,ha_54,ha_313,0.565
ha,ha,ha_54,ha_349,0.503
ha,ha,ha_54,ha_398,0.562
ha,ha,ha_54,ha_418,0.569
ha,ha,ha_54,ha_524,0.553
ha,ha,ha_54,ha_558,0.525
ha,ha,ha_61,ha_106,0.623
ha,ha,ha_61,ha_125,0.675
ha,ha,ha_61,ha_126,0.683
ha,ha,ha_61,ha_144,0.629
ha,ha,ha_61,ha_156,0.589
ha,ha,ha_61,ha_228,0.619
ha,ha,ha_61,ha_236,0.659
ha,ha,ha_61,ha_328,0.559
ha,ha,ha_61,ha_339,0.613
ha,ha,ha_61,ha_349,0.582
ha,ha,ha_61,ha_398,0.777
ha,ha,ha_61,ha_418,0.652
ha,ha,ha_61,ha_519,0.536
ha,ha,ha_61,ha_531,0.539
ha,ha,ha_61,ha_558,0.625
ha,ha,ha_66,ha_123,0.517
ha,ha,ha_66,ha_213,0.516
ha,ha,ha_71,ha_188,0.513
ha,ha,ha_71,ha_259,0.656
ha,ha,ha_89,ha_101,0.615
ha,ha,ha_90,ha_145,0.506
ha,ha,ha_90,ha_202,0.521
ha,ha,ha_90,ha_237,0.534
ha,ha,ha_100,ha_113,0.527
ha,ha,ha_100,ha_145,0.506
ha,ha,ha_100,ha_202,0.529
ha,ha,ha_100,ha_211,0.521
ha,ha,ha_100,ha_237,0.536
ha,ha,ha_100,ha_292,0.558
ha,ha,ha_101,ha_159,0.569
ha,ha,ha_104,ha_231,0.536
ha,ha,ha_106,ha_125,0.620
ha,ha,ha_106,ha_126,0.624
ha,ha,ha_106,ha_144,0.585
ha,ha,ha_106,ha_156,0.553
ha,ha,ha_106,ha_228,0.562
ha,ha,ha_106,ha_236,0.607
ha,ha,ha_106,ha_328,0.515
ha,ha,ha_106,ha_339,0.579
ha,ha,ha_106,ha_349,0.539
ha,ha,ha_106,ha_398,0.711
ha,ha,ha_106,ha_418,0.608
ha,ha,ha_106,ha_558,0.572
ha,ha,ha_113,ha_292,0.551
ha,ha,ha_123,ha_125,0.534
ha,ha,ha_123,ha_126,0.543
ha,ha,ha_123,ha_213,0.557
ha,ha,ha_123,ha_228,0.551
ha,ha,ha_123,ha_229,0.553
ha,ha,ha_123,ha_236,0.532
ha,ha,ha_123,ha_313,0.675
ha,ha,ha_123,ha_398,0.522
ha,ha,ha_123,ha_418,0.510
ha,ha,ha_123,ha_516,0.634
ha,ha,ha_123,ha_524,0.682
ha,ha,ha_123,ha_531,0.509
ha,ha,ha_125,ha_126,0.813
ha,ha,ha_125,ha_137,0.505
ha,ha,ha_125,ha_144,0.665
ha,ha,ha_125,ha_156,0.631
ha,ha,ha_125,ha_228,0.728
ha,ha,ha_125,ha_236,0.786
ha,ha,ha_125,ha_328,0.656
ha,ha,ha_125,ha_339,0.639
ha,ha,ha_125,ha_349,0.662
ha,ha,ha_125,ha_398,0.757
ha,ha,ha_125,ha_418,0.777
ha,ha,ha_125,ha_519,0.508
ha,ha,ha_125,ha_531,0.520
ha,ha,ha_125,ha_558,0.731
ha,ha,ha_126,ha_137,0.506
ha,ha,ha_126,ha_144,0.695
ha,ha,ha_126,ha_156,0.640
ha,ha,ha_126,ha_228,0.731
ha,ha,ha_126,ha_236,0.828
ha,ha,ha_126,ha_328,0.658
ha,ha,ha_126,ha_339,0.659
ha,ha,ha_126,ha_349,0.679
ha,ha,ha_126,ha_398,0.769
ha,ha,ha_126,ha_418,0.788
ha,ha,ha_126,ha_519,0.529
ha,ha,ha_126,ha_531,0.542
ha,ha,ha_126,ha_558,0.739
ha,ha,ha_137,ha_558,0.509
ha,ha,ha_144,ha_156,0.595
ha,ha,ha_144,ha_228,0.605
ha,ha,ha_144,ha_236,0.681
ha,ha,ha_144,ha_328,0.547
ha,ha,ha_144,ha_339,0.613
ha,ha,ha_144,ha_349,0.564
ha,ha,ha_144,ha_398,0.696
ha,ha,ha_144,ha_418,0.649
ha,ha,ha_144,ha_531,0.508
ha,ha,ha_144,ha_558,0.609
ha,ha,ha_145,ha_202,0.571
ha,ha,ha_145,ha_292,0.578
ha,ha,ha_156,ha_228,0.637
ha,ha,ha_156,ha_236,0.610
ha,ha,ha_156,ha_282,0.536
ha,ha,ha_156,ha_339,0.661
ha,ha,ha_156,ha_349,0.534
ha,ha,ha_156,ha_398,0.700
ha,ha,ha_156,ha_418,0.602
ha,ha,ha_156,ha_519,0.594
ha,ha,ha_156,ha_531,0.585
ha,ha,ha_156,ha_558,0.570
ha,ha,ha_188,ha_259,0.504
ha,ha,ha_200,ha_341,0.672
ha,ha,ha_202,ha_292,0.530
ha,ha,ha_213,ha_524,0.561
ha,ha,ha_228,ha_236,0.715
ha,ha,ha_228,ha_328,0.685
ha,ha,ha_228,ha_339,0.566
ha,ha,ha_228,ha_349,0.605
ha,ha,ha_228,ha_398,0.681
ha,ha,ha_228,ha_418,0.708
ha,ha,ha_228,ha_519,0.521
ha,ha,ha_228,ha_524,0.503
ha,ha,ha_228,ha_531,0.538
ha,ha,ha_228,ha_558,0.662
ha,ha,ha_229,ha_524,0.517
ha,ha,ha_231,ha_301,0.519
ha,ha,ha_236,ha_328,0.643
ha,ha,ha_236,ha_339,0.626
ha,ha,ha_236,ha_349,0.670
ha,ha,ha_236,ha_398,0.745
ha,ha,ha_236,ha_418,0.769
ha,ha,ha_236,ha_519,0.512
ha,ha,ha_236,ha_531,0.530
ha,ha,ha_236,ha_558,0.726
ha,ha,ha_246,ha_288,0.761
ha,ha,ha_246,ha_348,0.732
ha,ha,ha_288,ha_348,0.829
ha,ha,ha_313,ha_516,0.568
ha,ha,ha_313,ha_524,0.603
ha,ha,ha_328,ha_339,0.520
ha,ha,ha_328,ha_349,0.568
ha,ha,ha_328,ha_398,0.618
ha,ha,ha_328,ha_418,0.651
ha,ha,ha_328,ha_558,0.598
ha,ha,ha_339,ha_349,0.561
ha,ha,ha_339,ha_398,0.722
ha,ha,ha_339,ha_418,0.615
ha,ha,ha_339,ha_519,0.653
ha,ha,ha_339,ha_531,0.649
ha,ha,ha_339,ha_558,0.586
ha,ha,ha_349,ha_398,0.644
ha,ha,ha_349,ha_418,0.688
ha,ha,ha_349,ha_519,0.555
ha,ha,ha_349,ha_558,0.595
ha,ha,ha_398,ha_418,0.732
ha,ha,ha_398,ha_519,0.592
ha,ha,ha_398,ha_531,0.587
ha,ha,ha_398,ha_558,0.696
ha,ha,ha_418,ha_519,0.519
ha,ha,ha_418,ha_531,0.521
ha,ha,ha_418,ha_558,0.713
ha,ha,ha_516,ha_524,0.582
ha,ha,ha_519,ha_531,0.619
